,saldos,categorias
0,118.0,1
1,11733.0,1
2,2476.0,1
3,577.0,1
4,1710.0,1
5,387.0,1
6,1668.0,1
7,3711.0,1
8,172.0,1
9,331.0,1
10,3291.0,1
11,441.0,1
12,389.0,1
13,483.0,1
14,6338.0,1
15,586.0,1
16,397.0,1
17,2156.0,1
18,1291.0,1
19,2140.0,1
20,3160.0,1
21,1459.0,1
22,809.0,1
23,1161.0,1
24,128.0,1
25,4892.0,1
26,242.0,1
27,876.0,1
28,1741.0,1
29,1974.0,1
30,414.0,1
31,708.0,1
32,1847.0,1
33,2828.0,1
34,2308.0,1
35,4102.0,1
36,643.0,1
37,126.0,1
38,928.0,1
39,1969.0,1
40,3899.0,1
41,1539.0,1
42,1161.0,1
43,195.0,1
44,251.0,1
45,598.0,1
46,611.0,1
47,2682.0,1
48,621.0,1
49,22779.0,1
50,2626.0,1
51,220.0,1
52,1769.0,1
53,2669.0,1
54,857.0,1
55,133.0,1
56,1616.0,1
57,81.0,1
58,162.0,1
59,1887.0,1
60,331.0,1
61,1250.0,1
62,301.0,1
63,397.0,1
64,347.0,1
65,261.0,1
66,431.0,1
67,764.0,1
68,18539.0,1
69,303.0,1
70,1251.0,1
71,914.0,1
72,1700.0,1
73,791.0,1
74,378.0,1
75,155.0,1
76,1116.0,1
77,915.0,1
78,1137.0,1
79,1136.0,1
80,5693.0,1
81,3792.0,1
82,4027.0,1
83,869.0,1
84,2398.0,1
85,835.0,1
86,281.0,1
87,682.0,1
88,31859.0,1
89,148.0,1
90,2432.0,1
91,1185.0,1
92,2349.0,1
93,4226.0,1
94,2232.0,1
95,1552.0,1
96,340.0,1
97,443.0,1
98,1271.0,1
99,2509.0,1
100,2393.0,1
101,514.0,1
102,4831.0,1
103,1618.0,1
104,1963.0,1
105,181.0,1
106,383.0,1
107,1908.0,1
108,348.0,1
109,521.0,1
110,972.0,1
111,1700.0,1
112,4310.0,1
113,928.0,1
114,1310.0,1
115,558.0,1
116,1874.0,1
117,6689.0,1
118,628.0,1
119,516.0,1
120,992.0,1
121,494.0,1
122,5833.0,1
123,458.0,1
124,599.0,1
125,1320.0,1
126,678.0,1
127,1323.0,1
128,1372.0,1
129,875.0,1
130,487.0,1
131,242.0,1
132,357.0,1
133,1818.0,1
134,418.0,1
135,3251.0,1
136,1607.0,1
137,1286.0,1
138,2782.0,1
139,5760.0,1
140,346.0,1
141,863.0,1
142,2445.0,1
143,1975.0,1
144,1413.0,1
145,2253.0,1
146,7771.0,1
147,2700.0,1
148,351.0,1
149,1621.0,1
150,2946.0,1
151,4396.0,1
152,31.0,1
153,1606.0,1
154,2777.0,1
155,968.0,1
156,230.0,1
157,1316.0,1
158,1619.0,1
159,3942.0,1
160,3079.0,1
161,541.0,1
162,577.0,1
163,928.0,1
164,1397.0,1
165,3999.0,1
166,1499.0,1
167,207.0,1
168,438.0,1
169,1248.0,1
170,1603.0,1
171,6646.0,1
172,1096.0,1
173,4298.0,1
174,1106.0,1
175,1757.0,1
176,226.0,1
177,523.0,1
178,4552.0,1
179,838.0,1
180,1630.0,1
181,2225.0,1
182,6985.0,1
183,209.0,1
184,587.0,1
185,444.0,1
186,703.0,1
187,489.0,1
188,1235.0,1
189,1506.0,1
190,6137.0,1
191,1458.0,1
192,12554.0,1
193,626.0,1
194,976.0,1
195,210.0,1
196,762.0,1
197,418.0,1
198,3084.0,1
199,13409.0,1
200,4840.0,1
201,2184.0,1
202,379.0,1
203,1502.0,1
204,1806.0,1
205,99.0,1
206,3093.0,1
207,626.0,1
208,969.0,1
209,2685.0,1
210,1529.0,1
211,2766.0,1
212,584.0,1
213,914.0,1
214,1649.0,1
215,3279.0,1
216,2367.0,1
217,920.0,1
218,493.0,1
219,160.0,1
220,662.0,1
221,447.0,1
222,1217.0,1
223,398.0,1
224,1182.0,1
225,1635.0,1
226,593.0,1
227,583.0,1
228,419.0,1
229,1664.0,1
230,1441.0,1
231,2139.0,1
232,828.0,1
233,862.0,1
234,1533.0,1
235,3693.0,1
236,662.0,1
237,426.0,1
238,988.0,1
239,4743.0,1
240,884.0,1
241,316.0,1
242,281.0,1
243,12499.0,1
244,1923.0,1
245,337.0,1
246,1628.0,1
247,862.0,1
248,812.0,1
249,2759.0,1
250,1114.0,1
251,112.0,1
252,420.0,1
253,266.0,1
254,3173.0,1
255,3189.0,1
256,436.0,1
257,1380.0,1
258,1193.0,1
259,646.0,1
260,6643.0,1
261,2229.0,1
262,1403.0,1
263,1343.0,1
264,1203.0,1
265,3962.0,1
266,882.0,1
267,880.0,1
268,1648.0,1
269,509.0,1
270,3486.0,1
271,512.0,1
272,229.0,1
273,831.0,1
274,1326.0,1
275,256.0,1
276,324.0,1
277,565.0,1
278,285.0,1
279,813.0,1
280,198.0,1
281,3351.0,1
282,1885.0,1
283,3539.0,1
284,382.0,1
285,877.0,1
286,1099.0,1
287,8966.0,1
288,861.0,1
289,1942.0,1
290,1051.0,1
291,403.0,1
292,67.0,1
293,1307.0,1
294,922.0,1
295,1249.0,1
296,3959.0,1
297,444.0,1
298,519.0,1
299,848.0,1
300,237.0,1
301,416.0,1
302,6949.0,1
303,3431.0,1
304,529.0,1
305,565.0,1
306,169.0,1
307,2390.0,1
308,4064.0,1
309,1307.0,1
310,294.0,1
311,971.0,1
312,188.0,1
313,7190.0,1
314,135.0,1
315,7779.0,1
316,1021.0,1
317,464.0,1
318,3294.0,1
319,1183.0,1
320,10364.0,1
321,1284.0,1
322,1030.0,1
323,2003.0,1
324,710.0,1
325,2015.0,1
326,483.0,1
327,3686.0,1
328,549.0,1
329,3611.0,1
330,224.0,1
331,2268.0,1
332,359.0,1
333,979.0,1
334,503.0,1
335,1279.0,1
336,96.0,1
337,1753.0,1
338,512.0,1
339,1737.0,1
340,4888.0,1
341,1369.0,1
342,3401.0,1
343,498.0,1
344,1505.0,1
345,5652.0,1
346,224.0,1
347,1512.0,1
348,7157.0,1
349,705.0,1
350,226.0,1
351,484.0,1
352,1847.0,1
353,634.0,1
354,449.0,1
355,4571.0,1
356,492.0,1
357,2730.0,1
358,1576.0,1
359,2055.0,1
360,560.0,1
361,1648.0,1
362,2338.0,1
363,1175.0,1
364,851.0,1
365,3142.0,1
366,2527.0,1
367,2748.0,1
368,1206.0,1
369,784.0,1
370,1973.0,1
371,1140.0,1
372,644.0,1
373,161.0,1
374,1679.0,1
375,2115.0,1
376,382.0,1
377,1511.0,1
378,2761.0,1
379,315.0,1
380,1000.0,1
381,762.0,1
382,6322.0,1
383,689.0,1
384,1615.0,1
385,941.0,1
386,867.0,1
387,1951.0,1
388,316.0,1
389,247.0,1
390,961.0,1
391,1033.0,1
392,488.0,1
393,867.0,1
394,2647.0,1
395,563.0,1
396,910.0,1
397,1149.0,1
398,1120.0,1
399,5544.0,1
400,2092.0,1
401,487.0,1
402,643.0,1
403,3082.0,1
404,2375.0,1
405,1241.0,1
406,654.0,1
407,182.0,1
408,999.0,1
409,584.0,1
410,1429.0,1
411,763.0,1
412,4032.0,1
413,2825.0,1
414,4613.0,1
415,997.0,1
416,1096.0,1
417,648.0,1
418,2066.0,1
419,871.0,1
420,1178.0,1
421,362.0,1
422,2866.0,1
423,578.0,1
424,2844.0,1
425,228.0,1
426,2655.0,1
427,186.0,1
428,1225.0,1
429,236.0,1
430,374.0,1
431,445.0,1
432,458.0,1
433,514.0,1
434,2612.0,1
435,5345.0,1
436,453.0,1
437,842.0,1
438,1238.0,1
439,862.0,1
440,1220.0,1
441,821.0,1
442,183.0,1
443,6039.0,1
444,170.0,1
445,3460.0,1
446,678.0,1
447,3206.0,1
448,485.0,1
449,2875.0,1
450,2197.0,1
451,1368.0,1
452,8000.0,1
453,1345.0,1
454,394.0,1
455,479.0,1
456,474.0,1
457,1477.0,1
458,637.0,1
459,2398.0,1
460,1554.0,1
461,855.0,1
462,440.0,1
463,1252.0,1
464,2865.0,1
465,5207.0,1
466,1172.0,1
467,498.0,1
468,413.0,1
469,997.0,1
470,147.0,1
471,145.0,1
472,865.0,1
473,583.0,1
474,278.0,1
475,6189.0,1
476,1557.0,1
477,641.0,1
478,659.0,1
479,1095.0,1
480,1417.0,1
481,502.0,1
482,1027.0,1
483,734.0,1
484,3392.0,1
485,1915.0,1
486,1502.0,1
487,2134.0,1
488,718.0,1
489,272.0,1
490,5435.0,1
491,2109.0,1
492,1358.0,1
493,576.0,1
494,2310.0,1
495,1422.0,1
496,665.0,1
497,753.0,1
498,17472.0,1
499,10283.0,1
500,3971.0,1
501,1569.0,1
502,822.0,1
503,3011.0,1
504,446.0,1
505,514.0,1
506,7007.0,1
507,920.0,1
508,841.0,1
509,443.0,1
510,2649.0,1
511,1509.0,1
512,2919.0,1
513,718.0,1
514,1100.0,1
515,538.0,1
516,432.0,1
517,3631.0,1
518,8149.0,1
519,1700.0,1
520,335.0,1
521,3517.0,1
522,1084.0,1
523,220.0,1
524,6563.0,1
525,900.0,1
526,228.0,1
527,836.0,1
528,516.0,1
529,865.0,1
530,3033.0,1
531,18068.0,1
532,226.0,1
533,414.0,1
534,693.0,1
535,996.0,1
536,970.0,1
537,900.0,1
538,979.0,1
539,2356.0,1
540,2186.0,1
541,2566.0,1
542,1159.0,1
543,666.0,1
544,876.0,1
545,5008.0,1
546,1329.0,1
547,4062.0,1
548,272.0,1
549,9130.0,1
550,42.0,1
551,724.0,1
552,1623.0,1
553,3299.0,1
554,544.0,1
555,2746.0,1
556,147.0,1
557,462.0,1
558,272.0,1
559,563.0,1
560,1415.0,1
561,2959.0,1
562,669.0,1
563,1162.0,1
564,1712.0,1
565,873.0,1
566,5047.0,1
567,1066.0,1
568,648.0,1
569,2343.0,1
570,1087.0,1
571,2168.0,1
572,1668.0,1
573,444.0,1
574,970.0,1
575,1936.0,1
576,1057.0,1
577,1206.0,1
578,2418.0,1
579,697.0,1
580,2236.0,1
581,126.0,1
582,814.0,1
583,1077.0,1
584,380.0,1
585,2758.0,1
586,377.0,1
587,671.0,1
588,691.0,1
589,380.0,1
590,1210.0,1
591,2189.0,1
592,1088.0,1
593,216.0,1
594,855.0,1
595,2421.0,1
596,1897.0,1
597,1245.0,1
598,718.0,1
599,376.0,1
600,1431.0,1
601,292.0,1
602,238.0,1
603,384.0,1
604,679.0,1
605,2385.0,1
606,3660.0,1
607,946.0,1
608,325.0,1
609,1441.0,1
610,1887.0,1
611,1440.0,1
612,631.0,1
613,5013.0,1
614,2463.0,1
615,6205.0,1
616,5865.0,1
617,329.0,1
618,1258.0,1
619,858.0,1
620,259.0,1
621,380.0,1
622,3619.0,1
623,1063.0,1
624,1381.0,1
625,448.0,1
626,2967.0,1
627,3641.0,1
628,253.0,1
629,385.0,1
630,2084.0,1
631,214.0,1
632,2384.0,1
633,2250.0,1
634,528.0,1
635,6729.0,1
636,192.0,1
637,1394.0,1
638,3829.0,1
639,1149.0,1
640,5736.0,1
641,261.0,1
642,8871.0,1
643,544.0,1
644,773.0,1
645,1282.0,1
646,1689.0,1
647,514.0,1
648,461.0,1
649,373.0,1
650,1364.0,1
651,2078.0,1
652,2555.0,1
653,2413.0,1
654,270.0,1
655,437.0,1
656,763.0,1
657,3376.0,1
658,4172.0,1
659,621.0,1
660,286.0,1
661,735.0,1
662,4738.0,1
663,490.0,1
664,1029.0,1
665,1286.0,1
666,1748.0,1
667,343.0,1
668,619.0,1
669,4207.0,1
670,844.0,1
671,587.0,1
672,903.0,1
673,1297.0,1
674,4326.0,1
675,391.0,1
676,9841.0,1
677,934.0,1
678,1262.0,1
679,436.0,1
680,693.0,1
681,443.0,1
682,532.0,1
683,80.0,1
684,987.0,1
685,2207.0,1
686,2194.0,1
687,1091.0,1
688,1253.0,1
689,222.0,1
690,609.0,1
691,480.0,1
692,382.0,1
693,340.0,1
694,317.0,1
695,1676.0,1
696,1765.0,1
697,247.0,1
698,947.0,1
699,590.0,1
700,5538.0,1
701,121.0,1
702,438.0,1
703,2250.0,1
704,3017.0,1
705,1012.0,1
706,1254.0,1
707,1566.0,1
708,1424.0,1
709,2076.0,1
710,2624.0,1
711,1538.0,1
712,531.0,1
713,1155.0,1
714,1652.0,1
715,1401.0,1
716,1400.0,1
717,2111.0,1
718,686.0,1
719,329.0,1
720,12419.0,1
721,135.0,1
722,1812.0,1
723,847.0,1
724,1668.0,1
725,5180.0,1
726,597.0,1
727,366.0,1
728,860.0,1
729,1315.0,1
730,3584.0,1
731,373.0,1
732,518.0,1
733,930.0,1
734,2397.0,1
735,521.0,1
736,1191.0,1
737,1870.0,1
738,249.0,1
739,2158.0,1
740,539.0,1
741,163.0,1
742,857.0,1
743,742.0,1
744,1475.0,1
745,801.0,1
746,930.0,1
747,3955.0,1
748,15020.0,1
749,275.0,1
750,587.0,1
751,191.0,1
752,1756.0,1
753,317.0,1
754,3889.0,1
755,138.0,1
756,2665.0,1
757,410.0,1
758,227.0,1
759,1076.0,1
760,1704.0,1
761,903.0,1
762,976.0,1
763,971.0,1
764,380.0,1
765,5761.0,1
766,4391.0,1
767,367.0,1
768,280.0,1
769,569.0,1
770,954.0,1
771,2073.0,1
772,702.0,1
773,697.0,1
774,554.0,1
775,440.0,1
776,739.0,1
777,886.0,1
778,2117.0,1
779,3701.0,1
780,609.0,1
781,2256.0,1
782,1717.0,1
783,4633.0,1
784,325.0,1
785,1474.0,1
786,7037.0,1
787,1293.0,1
788,2462.0,1
789,485.0,1
790,429.0,1
791,2973.0,1
792,803.0,1
793,4353.0,1
794,187.0,1
795,941.0,1
796,872.0,1
797,1300.0,1
798,975.0,1
799,736.0,1
800,260.0,1
801,1344.0,1
802,2273.0,1
803,2109.0,1
804,637.0,1
805,8279.0,1
806,4088.0,1
807,2096.0,1
808,556.0,1
809,845.0,1
810,5228.0,1
811,223.0,1
812,1946.0,1
813,2138.0,1
814,219.0,1
815,463.0,1
816,1560.0,1
817,381.0,1
818,3442.0,1
819,254.0,1
820,693.0,1
821,985.0,1
822,1134.0,1
823,4056.0,1
824,623.0,1
825,2527.0,1
826,926.0,1
827,177.0,1
828,1145.0,1
829,328.0,1
830,508.0,1
831,619.0,1
832,1920.0,1
833,264.0,1
834,3109.0,1
835,1546.0,1
836,648.0,1
837,660.0,1
838,404.0,1
839,112.0,1
840,1669.0,1
841,371.0,1
842,1747.0,1
843,1313.0,1
844,501.0,1
845,359.0,1
846,520.0,1
847,5791.0,1
848,306.0,1
849,1035.0,1
850,686.0,1
851,8616.0,1
852,457.0,1
853,431.0,1
854,2945.0,1
855,159.0,1
856,1137.0,1
857,1824.0,1
858,1073.0,1
859,340.0,1
860,866.0,1
861,2804.0,1
862,352.0,1
863,1803.0,1
864,592.0,1
865,4537.0,1
866,1303.0,1
867,2381.0,1
868,591.0,1
869,706.0,1
870,1175.0,1
871,2435.0,1
872,2355.0,1
873,161.0,1
874,5308.0,1
875,551.0,1
876,980.0,1
877,1591.0,1
878,1995.0,1
879,292.0,1
880,487.0,1
881,4080.0,1
882,636.0,1
883,8695.0,1
884,3330.0,1
885,3920.0,1
886,1119.0,1
887,1341.0,1
888,825.0,1
889,941.0,1
890,1136.0,1
891,1371.0,1
892,19481.0,1
893,2635.0,1
894,499.0,1
895,1918.0,1
896,1518.0,1
897,1069.0,1
898,482.0,1
899,607.0,1
900,382.0,1
901,393.0,1
902,505.0,1
903,600.0,1
904,1157.0,1
905,517.0,1
906,1922.0,1
907,1417.0,1
908,262.0,1
909,122.0,1
910,2611.0,1
911,998.0,1
912,968.0,1
913,1123.0,1
914,857.0,1
915,480.0,1
916,476.0,1
917,1148.0,1
918,1219.0,1
919,812.0,1
920,652.0,1
921,788.0,1
922,1702.0,1
923,512.0,1
924,259.0,1
925,1649.0,1
926,3403.0,1
927,3492.0,1
928,2843.0,1
929,318.0,1
930,1301.0,1
931,1273.0,1
932,122.0,1
933,226.0,1
934,210.0,1
935,132.0,1
936,1823.0,1
937,5125.0,1
938,520.0,1
939,275.0,1
940,505.0,1
941,1981.0,1
942,1502.0,1
943,805.0,1
944,449.0,1
945,472.0,1
946,817.0,1
947,1779.0,1
948,6434.0,1
949,770.0,1
950,223.0,1
951,904.0,1
952,2315.0,1
953,432.0,1
954,385.0,1
955,729.0,1
956,4016.0,1
957,1705.0,1
958,246.0,1
959,1530.0,1
960,326.0,1
961,969.0,1
962,610.0,1
963,1780.0,1
964,270.0,1
965,2738.0,1
966,622.0,1
967,1529.0,1
968,1428.0,1
969,7539.0,1
970,2091.0,1
971,2567.0,1
972,134.0,1
973,1428.0,1
974,136.0,1
975,429.0,1
976,1607.0,1
977,1591.0,1
978,798.0,1
979,823.0,1
980,5544.0,1
981,3905.0,1
982,858.0,1
983,264.0,1
984,991.0,1
985,345.0,1
986,1403.0,1
987,837.0,1
988,2951.0,1
989,244.0,1
990,418.0,1
991,1604.0,1
992,1502.0,1
993,916.0,1
994,388.0,1
995,2026.0,1
996,517.0,1
997,1431.0,1
998,464.0,1
999,701.0,1
1000,195.0,1
1001,519.0,1
1002,2116.0,1
1003,836.0,1
1004,7536.0,1
1005,246.0,1
1006,1593.0,1
1007,1286.0,1
1008,4329.0,1
1009,885.0,1
1010,526.0,1
1011,163.0,1
1012,359.0,1
1013,560.0,1
1014,319.0,1
1015,962.0,1
1016,475.0,1
1017,1043.0,1
1018,475.0,1
1019,276.0,1
1020,1560.0,1
1021,2052.0,1
1022,1650.0,1
1023,476.0,1
1024,5808.0,1
1025,1180.0,1
1026,408.0,1
1027,3962.0,1
1028,2158.0,1
1029,1997.0,1
1030,528.0,1
1031,3887.0,1
1032,295.0,1
1033,240.0,1
1034,2317.0,1
1035,939.0,1
1036,2496.0,1
1037,9178.0,1
1038,2686.0,1
1039,90.0,1
1040,1082.0,1
1041,220.0,1
1042,509.0,1
1043,621.0,1
1044,465.0,1
1045,150.0,1
1046,2243.0,1
1047,632.0,1
1048,634.0,1
1049,235.0,1
1050,9334.0,1
1051,449.0,1
1052,834.0,1
1053,228.0,1
1054,1079.0,1
1055,440.0,1
1056,1512.0,1
1057,1696.0,1
1058,321.0,1
1059,1893.0,1
1060,1241.0,1
1061,271.0,1
1062,1140.0,1
1063,618.0,1
1064,560.0,1
1065,227.0,1
1066,1365.0,1
1067,807.0,1
1068,4132.0,1
1069,450.0,1
1070,6217.0,1
1071,5733.0,1
1072,723.0,1
1073,1696.0,1
1074,3238.0,1
1075,524.0,1
1076,156.0,1
1077,1081.0,1
1078,447.0,1
1079,7427.0,1
1080,1617.0,1
1081,439.0,1
1082,496.0,1
1083,3921.0,1
1084,278.0,1
1085,514.0,1
1086,1128.0,1
1087,249.0,1
1088,993.0,1
1089,5163.0,1
1090,288.0,1
1091,991.0,1
1092,1361.0,1
1093,1589.0,1
1094,157.0,1
1095,4295.0,1
1096,821.0,1
1097,251.0,1
1098,771.0,1
1099,604.0,1
1100,320.0,1
1101,522.0,1
1102,283.0,1
1103,6835.0,1
1104,1788.0,1
1105,270.0,1
1106,1214.0,1
1107,345.0,1
1108,2400.0,1
1109,766.0,1
1110,1981.0,1
1111,1218.0,1
1112,4697.0,1
1113,95.0,1
1114,1654.0,1
1115,227.0,1
1116,2979.0,1
1117,3469.0,1
1118,652.0,1
1119,1176.0,1
1120,1598.0,1
1121,789.0,1
1122,982.0,1
1123,330.0,1
1124,1825.0,1
1125,1731.0,1
1126,555.0,1
1127,1114.0,1
1128,322.0,1
1129,4255.0,1
1130,484.0,1
1131,2253.0,1
1132,4036.0,1
1133,167.0,1
1134,1422.0,1
1135,1174.0,1
1136,470.0,1
1137,927.0,1
1138,618.0,1
1139,2792.0,1
1140,1113.0,1
1141,262.0,1
1142,2349.0,1
1143,362.0,1
1144,2807.0,1
1145,529.0,1
1146,1340.0,1
1147,1096.0,1
1148,2318.0,1
1149,35.0,1
1150,1866.0,1
1151,1456.0,1
1152,501.0,1
1153,892.0,1
1154,1250.0,1
1155,1275.0,1
1156,2402.0,1
1157,4798.0,1
1158,2935.0,1
1159,136.0,1
1160,1829.0,1
1161,269.0,1
1162,1469.0,1
1163,797.0,1
1164,4844.0,1
1165,1243.0,1
1166,533.0,1
1167,1579.0,1
1168,1562.0,1
1169,3692.0,1
1170,617.0,1
1171,5392.0,1
1172,2058.0,1
1173,221.0,1
1174,1431.0,1
1175,144.0,1
1176,2714.0,1
1177,2339.0,1
1178,339.0,1
1179,9178.0,1
1180,716.0,1
1181,348.0,1
1182,3356.0,1
1183,2353.0,1
1184,6536.0,1
1185,615.0,1
1186,1132.0,1
1187,695.0,1
1188,1125.0,1
1189,1277.0,1
1190,417.0,1
1191,1376.0,1
1192,434.0,1
1193,210.0,1
1194,923.0,1
1195,547.0,1
1196,359.0,1
1197,1896.0,1
1198,1705.0,1
1199,481.0,1
1200,767.0,1
1201,1445.0,1
1202,2890.0,1
1203,295.0,1
1204,4273.0,1
1205,486.0,1
1206,1151.0,1
1207,77.0,1
1208,1049.0,1
1209,335.0,1
1210,1359.0,1
1211,291.0,1
1212,1171.0,1
1213,1224.0,1
1214,401.0,1
1215,3230.0,1
1216,873.0,1
1217,6025.0,1
1218,2044.0,1
1219,4620.0,1
1220,358.0,1
1221,267.0,1
1222,1527.0,1
1223,1028.0,1
1224,1323.0,1
1225,279.0,1
1226,245.0,1
1227,1341.0,1
1228,6023.0,1
1229,2619.0,1
1230,5947.0,1
1231,18113.0,1
1232,1009.0,1
1233,1225.0,1
1234,703.0,1
1235,953.0,1
1236,864.0,1
1237,678.0,1
1238,4659.0,1
1239,179.0,1
1240,4194.0,1
1241,605.0,1
1242,312.0,1
1243,767.0,1
1244,1174.0,1
1245,628.0,1
1246,701.0,1
1247,2696.0,1
1248,673.0,1
1249,1174.0,1
1250,2397.0,1
1251,778.0,1
1252,861.0,1
1253,698.0,1
1254,4747.0,1
1255,907.0,1
1256,841.0,1
1257,509.0,1
1258,150.0,1
1259,844.0,1
1260,4643.0,1
1261,4627.0,1
1262,3724.0,1
1263,1058.0,1
1264,1166.0,1
1265,403.0,1
1266,522.0,1
1267,1210.0,1
1268,361.0,1
1269,1385.0,1
1270,172.0,1
1271,1503.0,1
1272,577.0,1
1273,2451.0,1
1274,368.0,1
1275,1231.0,1
1276,151.0,1
1277,721.0,1
1278,939.0,1
1279,639.0,1
1280,256.0,1
1281,182.0,1
1282,2352.0,1
1283,669.0,1
1284,659.0,1
1285,2640.0,1
1286,1100.0,1
1287,1690.0,1
1288,2118.0,1
1289,1107.0,1
1290,3110.0,1
1291,2179.0,1
1292,3334.0,1
1293,781.0,1
1294,3246.0,1
1295,672.0,1
1296,529.0,1
1297,3228.0,1
1298,2210.0,1
1299,19876.0,1
1300,1941.0,1
1301,514.0,1
1302,1896.0,1
1303,4426.0,1
1304,203.0,1
1305,1447.0,1
1306,825.0,1
1307,1346.0,1
1308,397.0,1
1309,730.0,1
1310,397.0,1
1311,1733.0,1
1312,1850.0,1
1313,2502.0,1
1314,332.0,1
1315,1570.0,1
1316,288.0,1
1317,3105.0,1
1318,10842.0,1
1319,157.0,1
1320,522.0,1
1321,1772.0,1
1322,2009.0,1
1323,2249.0,1
1324,3347.0,1
1325,5084.0,1
1326,2140.0,1
1327,483.0,1
1328,1290.0,1
1329,226.0,1
1330,1268.0,1
1331,4185.0,1
1332,329.0,1
1333,4020.0,1
1334,5911.0,1
1335,353.0,1
1336,891.0,1
1337,504.0,1
1338,8406.0,1
1339,853.0,1
1340,235.0,1
1341,204.0,1
1342,307.0,1
1343,1629.0,1
1344,1997.0,1
1345,606.0,1
1346,1848.0,1
1347,1968.0,1
1348,340.0,1
1349,969.0,1
1350,288.0,1
1351,407.0,1
1352,1704.0,1
1353,319.0,1
1354,970.0,1
1355,6775.0,1
1356,2959.0,1
1357,683.0,1
1358,4397.0,1
1359,305.0,1
1360,598.0,1
1361,2111.0,1
1362,264.0,1
1363,287.0,1
1364,392.0,1
1365,742.0,1
1366,1026.0,1
1367,1012.0,1
1368,1636.0,1
1369,1178.0,1
1370,851.0,1
1371,106.0,1
1372,401.0,1
1373,500.0,1
1374,2843.0,1
1375,169.0,1
1376,893.0,1
1377,587.0,1
1378,4336.0,1
1379,379.0,1
1380,1112.0,1
1381,93.0,1
1382,11336.0,1
1383,224.0,1
1384,695.0,1
1385,372.0,1
1386,180.0,1
1387,3332.0,1
1388,1587.0,1
1389,156.0,1
1390,1031.0,1
1391,458.0,1
1392,228.0,1
1393,473.0,1
1394,1983.0,1
1395,663.0,1
1396,311.0,1
1397,838.0,1
1398,387.0,1
1399,1772.0,1
1400,830.0,1
1401,367.0,1
1402,375.0,1
1403,577.0,1
1404,335.0,1
1405,1084.0,1
1406,238.0,1
1407,888.0,1
1408,546.0,1
1409,752.0,1
1410,1023.0,1
1411,600.0,1
1412,638.0,1
1413,360.0,1
1414,137.0,1
1415,98.0,1
1416,608.0,1
1417,446.0,1
1418,1261.0,1
1419,1126.0,1
1420,623.0,1
1421,685.0,1
1422,1202.0,1
1423,931.0,1
1424,2333.0,1
1425,822.0,1
1426,455.0,1
1427,2881.0,1
1428,430.0,1
1429,4571.0,1
1430,1344.0,1
1431,1015.0,1
1432,1246.0,1
1433,1092.0,1
1434,373.0,1
1435,2598.0,1
1436,609.0,1
1437,4209.0,1
1438,961.0,1
1439,683.0,1
1440,317.0,1
1441,616.0,1
1442,1145.0,1
1443,1430.0,1
1444,2831.0,1
1445,755.0,1
1446,4166.0,1
1447,609.0,1
1448,848.0,1
1449,820.0,1
1450,552.0,1
1451,1180.0,1
1452,1251.0,1
1453,1022.0,1
1454,661.0,1
1455,754.0,1
1456,154.0,1
1457,1049.0,1
1458,3817.0,1
1459,348.0,1
1460,812.0,1
1461,366.0,1
1462,872.0,1
1463,3260.0,1
1464,730.0,1
1465,718.0,1
1466,383.0,1
1467,3125.0,1
1468,2476.0,1
1469,4963.0,1
1470,1875.0,1
1471,3441.0,1
1472,7502.0,1
1473,554.0,1
1474,1127.0,1
1475,1291.0,1
1476,6860.0,1
1477,120.0,1
1478,2342.0,1
1479,102.0,1
1480,2351.0,1
1481,1046.0,1
1482,387.0,1
1483,2961.0,1
1484,2343.0,1
1485,2818.0,1
1486,390.0,1
1487,3355.0,1
1488,1888.0,1
1489,675.0,1
1490,162.0,1
1491,289.0,1
1492,2452.0,1
1493,649.0,1
1494,602.0,1
1495,1841.0,1
1496,670.0,1
1497,1276.0,1
1498,3306.0,1
1499,355.0,1
1500,207.0,1
1501,1244.0,1
1502,11827.0,1
1503,2239.0,1
1504,232.0,1
1505,678.0,1
1506,1159.0,1
1507,1591.0,1
1508,1510.0,1
1509,524.0,1
1510,527.0,1
1511,748.0,1
1512,233.0,1
1513,4438.0,1
1514,1217.0,1
1515,1232.0,1
1516,138.0,1
1517,311.0,1
1518,789.0,1
1519,518.0,1
1520,1251.0,1
1521,394.0,1
1522,705.0,1
1523,354.0,1
1524,1862.0,1
1525,1658.0,1
1526,3208.0,1
1527,2018.0,1
1528,2579.0,1
1529,1073.0,1
1530,1083.0,1
1531,15056.0,1
1532,410.0,1
1533,214.0,1
1534,1324.0,1
1535,1791.0,1
1536,2558.0,1
1537,152.0,1
1538,361.0,1
1539,3060.0,1
1540,2098.0,1
1541,753.0,1
1542,962.0,1
1543,1356.0,1
1544,1328.0,1
1545,311.0,1
1546,1210.0,1
1547,938.0,1
1548,3035.0,1
1549,3136.0,1
1550,434.0,1
1551,1527.0,1
1552,2391.0,1
1553,113.0,1
1554,430.0,1
1555,2239.0,1
1556,1135.0,1
1557,2435.0,1
1558,772.0,1
1559,3925.0,1
1560,720.0,1
1561,3974.0,1
1562,1459.0,1
1563,694.0,1
1564,202.0,1
1565,217.0,1
1566,694.0,1
1567,997.0,1
1568,1476.0,1
1569,1658.0,1
1570,898.0,1
1571,5282.0,1
1572,408.0,1
1573,1328.0,1
1574,814.0,1
1575,9691.0,1
1576,1673.0,1
1577,11128.0,1
1578,361.0,1
1579,374.0,1
1580,398.0,1
1581,5525.0,1
1582,970.0,1
1583,398.0,1
1584,576.0,1
1585,9232.0,1
1586,1657.0,1
1587,511.0,1
1588,604.0,1
1589,5939.0,1
1590,502.0,1
1591,484.0,1
1592,1643.0,1
1593,159.0,1
1594,1768.0,1
1595,1711.0,1
1596,957.0,1
1597,171.0,1
1598,416.0,1
1599,345.0,1
1600,591.0,1
1601,1916.0,1
1602,420.0,1
1603,1570.0,1
1604,2567.0,1
1605,608.0,1
1606,4015.0,1
1607,2142.0,1
1608,1470.0,1
1609,2272.0,1
1610,1645.0,1
1611,158.0,1
1612,595.0,1
1613,810.0,1
1614,1382.0,1
1615,1265.0,1
1616,10455.0,1
1617,722.0,1
1618,481.0,1
1619,1189.0,1
1620,939.0,1
1621,410.0,1
1622,467.0,1
1623,743.0,1
1624,228.0,1
1625,982.0,1
1626,766.0,1
1627,459.0,1
1628,329.0,1
1629,3814.0,1
1630,1607.0,1
1631,2315.0,1
1632,1150.0,1
1633,786.0,1
1634,1040.0,1
1635,1066.0,1
1636,1216.0,1
1637,214.0,1
1638,514.0,1
1639,1812.0,1
1640,645.0,1
1641,1739.0,1
1642,411.0,1
1643,4549.0,1
1644,469.0,1
1645,1313.0,1
1646,208.0,1
1647,3135.0,1
1648,3081.0,1
1649,4745.0,1
1650,1244.0,1
1651,3600.0,1
1652,5365.0,1
1653,3824.0,1
1654,1416.0,1
1655,863.0,1
1656,95.0,1
1657,166.0,1
1658,7060.0,1
1659,455.0,1
1660,2071.0,1
1661,201.0,1
1662,1201.0,1
1663,175.0,1
1664,1426.0,1
1665,1096.0,1
1666,2735.0,1
1667,320.0,1
1668,2673.0,1
1669,246.0,1
1670,741.0,1
1671,1162.0,1
1672,1211.0,1
1673,1050.0,1
1674,423.0,1
1675,1704.0,1
1676,2328.0,1
1677,1255.0,1
1678,1390.0,1
1679,724.0,1
1680,625.0,1
1681,221.0,1
1682,612.0,1
1683,741.0,1
1684,2553.0,1
1685,1669.0,1
1686,195.0,1
1687,229.0,1
1688,1038.0,1
1689,2722.0,1
1690,1110.0,1
1691,510.0,1
1692,834.0,1
1693,776.0,1
1694,295.0,1
1695,3544.0,1
1696,4763.0,1
1697,11685.0,1
1698,1226.0,1
1699,166.0,1
1700,1338.0,1
1701,421.0,1
1702,1404.0,1
1703,688.0,1
1704,1813.0,1
1705,1110.0,1
1706,1005.0,1
1707,5444.0,1
1708,1076.0,1
1709,1255.0,1
1710,236.0,1
1711,2040.0,1
1712,911.0,1
1713,1026.0,1
1714,1360.0,1
1715,122.0,1
1716,851.0,1
1717,1705.0,1
1718,1745.0,1
1719,1560.0,1
1720,654.0,1
1721,267.0,1
1722,453.0,1
1723,740.0,1
1724,347.0,1
1725,1142.0,1
1726,484.0,1
1727,1354.0,1
1728,2210.0,1
1729,2152.0,1
1730,270.0,1
1731,1612.0,1
1732,1552.0,1
1733,9612.0,1
1734,1985.0,1
1735,2327.0,1
1736,301.0,1
1737,649.0,1
1738,1969.0,1
1739,589.0,1
1740,8980.0,1
1741,443.0,1
1742,849.0,1
1743,602.0,1
1744,873.0,1
1745,4227.0,1
1746,1919.0,1
1747,1043.0,1
1748,1728.0,1
1749,1220.0,1
1750,119.0,1
1751,593.0,1
1752,1499.0,1
1753,1178.0,1
1754,983.0,1
1755,453.0,1
1756,875.0,1
1757,744.0,1
1758,618.0,1
1759,4455.0,1
1760,1125.0,1
1761,5230.0,1
1762,5240.0,1
1763,1743.0,1
1764,1409.0,1
1765,8495.0,1
1766,405.0,1
1767,1160.0,1
1768,933.0,1
1769,230.0,1
1770,6693.0,1
1771,347.0,1
1772,325.0,1
1773,191.0,1
1774,821.0,1
1775,547.0,1
1776,403.0,1
1777,122.0,1
1778,4289.0,1
1779,225.0,1
1780,1222.0,1
1781,5574.0,1
1782,234.0,1
1783,1191.0,1
1784,1254.0,1
1785,602.0,1
1786,1834.0,1
1787,1197.0,1
1788,7578.0,1
1789,727.0,1
1790,876.0,1
1791,1247.0,1
1792,208.0,1
1793,2299.0,1
1794,1487.0,1
1795,657.0,1
1796,1954.0,1
1797,3221.0,1
1798,1883.0,1
1799,736.0,1
1800,1370.0,1
1801,177.0,1
1802,1577.0,1
1803,2224.0,1
1804,2039.0,1
1805,2579.0,1
1806,577.0,1
1807,704.0,1
1808,15112.0,1
1809,171.0,1
1810,519.0,1
1811,593.0,1
1812,3598.0,1
1813,642.0,1
1814,1021.0,1
1815,3793.0,1
1816,4052.0,1
1817,537.0,1
1818,229.0,1
1819,1808.0,1
1820,1161.0,1
1821,1052.0,1
1822,251.0,1
1823,866.0,1
1824,230.0,1
1825,6017.0,1
1826,359.0,1
1827,478.0,1
1828,1921.0,1
1829,1810.0,1
1830,1087.0,1
1831,583.0,1
1832,1862.0,1
1833,3739.0,1
1834,514.0,1
1835,9169.0,1
1836,1082.0,1
1837,272.0,1
1838,3862.0,1
1839,4198.0,1
1840,819.0,1
1841,1951.0,1
1842,311.0,1
1843,700.0,1
1844,2380.0,1
1845,233.0,1
1846,672.0,1
1847,542.0,1
1848,1411.0,1
1849,3735.0,1
1850,1148.0,1
1851,979.0,1
1852,3558.0,1
1853,233.0,1
1854,469.0,1
1855,2650.0,1
1856,852.0,1
1857,1372.0,1
1858,558.0,1
1859,425.0,1
1860,836.0,1
1861,324.0,1
1862,103.0,1
1863,631.0,1
1864,439.0,1
1865,112.0,1
1866,396.0,1
1867,1272.0,1
1868,749.0,1
1869,855.0,1
1870,2250.0,1
1871,3049.0,1
1872,2126.0,1
1873,1994.0,1
1874,325.0,1
1875,1944.0,1
1876,80.0,1
1877,951.0,1
1878,661.0,1
1879,6512.0,1
1880,1475.0,1
1881,216.0,1
1882,2055.0,1
1883,469.0,1
1884,252.0,1
1885,112.0,1
1886,567.0,1
1887,143.0,1
1888,232.0,1
1889,1323.0,1
1890,2149.0,2
1891,782.0,2
1892,1096.0,2
1893,498.0,2
1894,2151.0,2
1895,143.0,2
1896,397.0,2
1897,309.0,2
1898,8430.0,2
1899,2967.0,2
1900,1868.0,2
1901,1834.0,2
1902,1977.0,2
1903,197.0,2
1904,1256.0,2
1905,997.0,2
1906,1482.0,2
1907,478.0,2
1908,375.0,2
1909,268.0,2
1910,1719.0,2
1911,2431.0,2
1912,2243.0,2
1913,200.0,2
1914,765.0,2
1915,118.0,2
1916,2698.0,2
1917,931.0,2
1918,301.0,2
1919,1104.0,2
1920,1317.0,2
1921,689.0,2
1922,1790.0,2
1923,2213.0,2
1924,2717.0,2
1925,1308.0,2
1926,4262.0,2
1927,502.0,2
1928,3382.0,2
1929,2542.0,2
1930,2363.0,2
1931,245.0,2
1932,1975.0,2
1933,802.0,2
1934,560.0,2
1935,2954.0,2
1936,1561.0,2
1937,637.0,2
1938,101.0,2
1939,279.0,2
1940,2607.0,2
1941,3334.0,2
1942,170.0,2
1943,2731.0,2
1944,1162.0,2
1945,3441.0,2
1946,501.0,2
1947,491.0,2
1948,809.0,2
1949,436.0,2
1950,761.0,2
1951,4771.0,2
1952,1318.0,2
1953,502.0,2
1954,421.0,2
1955,849.0,2
1956,1297.0,2
1957,8843.0,2
1958,399.0,2
1959,2113.0,2
1960,845.0,2
1961,3071.0,2
1962,527.0,2
1963,324.0,2
1964,1816.0,2
1965,4152.0,2
1966,300.0,2
1967,2388.0,2
1968,1347.0,2
1969,6969.0,2
1970,4356.0,2
1971,619.0,2
1972,511.0,2
1973,1516.0,2
1974,440.0,2
1975,1493.0,2
1976,246.0,2
1977,3324.0,2
1978,392.0,2
1979,231.0,2
1980,5560.0,2
1981,239.0,2
1982,618.0,2
1983,1521.0,2
1984,2177.0,2
1985,1279.0,2
1986,4482.0,2
1987,137.0,2
1988,327.0,2
1989,1660.0,2
1990,787.0,2
1991,1499.0,2
1992,1376.0,2
1993,1301.0,2
1994,730.0,2
1995,274.0,2
1996,1292.0,2
1997,2791.0,2
1998,345.0,2
1999,2339.0,2
2000,101.0,2
2001,427.0,2
2002,880.0,2
2003,678.0,2
2004,190.0,2
2005,709.0,2
2006,396.0,2
2007,673.0,2
2008,3452.0,2
2009,1261.0,2
2010,1323.0,2
2011,178.0,2
2012,202.0,2
2013,1190.0,2
2014,376.0,2
2015,213.0,2
2016,3500.0,2
2017,4379.0,2
2018,1205.0,2
2019,1782.0,2
2020,612.0,2
2021,529.0,2
2022,1023.0,2
2023,3436.0,2
2024,1895.0,2
2025,3787.0,2
2026,1052.0,2
2027,1614.0,2
2028,1357.0,2
2029,1285.0,2
2030,1177.0,2
2031,1389.0,2
2032,247.0,2
2033,1201.0,2
2034,1207.0,2
2035,1646.0,2
2036,1324.0,2
2037,462.0,2
2038,637.0,2
2039,538.0,2
2040,331.0,2
2041,1419.0,2
2042,723.0,2
2043,1570.0,2
2044,502.0,2
2045,150.0,2
2046,767.0,2
2047,270.0,2
2048,501.0,2
2049,795.0,2
2050,1627.0,2
2051,1161.0,2
2052,3218.0,2
2053,667.0,2
2054,722.0,2
2055,7755.0,2
2056,815.0,2
2057,1565.0,2
2058,1502.0,2
2059,2075.0,2
2060,761.0,2
2061,203.0,2
2062,640.0,2
2063,3324.0,2
2064,1707.0,2
2065,304.0,2
2066,1757.0,2
2067,3110.0,2
2068,187.0,2
2069,1764.0,2
2070,233.0,2
2071,422.0,2
2072,556.0,2
2073,2339.0,2
2074,110.0,2
2075,478.0,2
2076,2302.0,2
2077,864.0,2
2078,462.0,2
2079,624.0,2
2080,1404.0,2
2081,726.0,2
2082,1037.0,2
2083,6487.0,2
2084,892.0,2
2085,505.0,2
2086,397.0,2
2087,2893.0,2
2088,1100.0,2
2089,1561.0,2
2090,1316.0,2
2091,3237.0,2
2092,2048.0,2
2093,664.0,2
2094,2140.0,2
2095,219.0,2
2096,4319.0,2
2097,1098.0,2
2098,2203.0,2
2099,273.0,2
2100,254.0,2
2101,1665.0,2
2102,405.0,2
2103,1759.0,2
2104,1626.0,2
2105,305.0,2
2106,1432.0,2
2107,485.0,2
2108,3154.0,2
2109,1171.0,2
2110,593.0,2
2111,1129.0,2
2112,7461.0,2
2113,299.0,2
2114,338.0,2
2115,990.0,2
2116,1901.0,2
2117,4745.0,2
2118,2210.0,2
2119,387.0,2
2120,478.0,2
2121,5449.0,2
2122,302.0,2
2123,3312.0,2
2124,822.0,2
2125,518.0,2
2126,2395.0,2
2127,236.0,2
2128,1440.0,2
2129,447.0,2
2130,326.0,2
2131,839.0,2
2132,1925.0,2
2133,1358.0,2
2134,1064.0,2
2135,687.0,2
2136,2394.0,2
2137,4196.0,2
2138,1005.0,2
2139,2178.0,2
2140,727.0,2
2141,1043.0,2
2142,297.0,2
2143,486.0,2
2144,2504.0,2
2145,898.0,2
2146,1906.0,2
2147,4786.0,2
2148,4404.0,2
2149,2015.0,2
2150,1310.0,2
2151,1120.0,2
2152,1066.0,2
2153,690.0,2
2154,219.0,2
2155,968.0,2
2156,1357.0,2
2157,797.0,2
2158,1714.0,2
2159,1478.0,2
2160,4359.0,2
2161,839.0,2
2162,1358.0,2
2163,4785.0,2
2164,458.0,2
2165,558.0,2
2166,3389.0,2
2167,1218.0,2
2168,243.0,2
2169,4818.0,2
2170,2007.0,2
2171,127.0,2
2172,1602.0,2
2173,1236.0,2
2174,694.0,2
2175,736.0,2
2176,1783.0,2
2177,611.0,2
2178,1973.0,2
2179,1230.0,2
2180,3713.0,2
2181,10744.0,2
2182,408.0,2
2183,1535.0,2
2184,270.0,2
2185,4283.0,2
2186,1744.0,2
2187,630.0,2
2188,236.0,2
2189,888.0,2
2190,1378.0,2
2191,376.0,2
2192,458.0,2
2193,1046.0,2
2194,276.0,2
2195,2509.0,2
2196,2582.0,2
2197,714.0,2
2198,1501.0,2
2199,1647.0,2
2200,1940.0,2
2201,1105.0,2
2202,378.0,2
2203,1766.0,2
2204,1393.0,2
2205,4992.0,2
2206,947.0,2
2207,850.0,2
2208,3680.0,2
2209,478.0,2
2210,5673.0,2
2211,585.0,2
2212,2912.0,2
2213,404.0,2
2214,397.0,2
2215,1059.0,2
2216,565.0,2
2217,551.0,2
2218,1608.0,2
2219,2783.0,2
2220,1478.0,2
2221,461.0,2
2222,165.0,2
2223,231.0,2
2224,1043.0,2
2225,669.0,2
2226,2226.0,2
2227,193.0,2
2228,1123.0,2
2229,712.0,2
2230,2133.0,2
2231,3458.0,2
2232,786.0,2
2233,1658.0,2
2234,2125.0,2
2235,3205.0,2
2236,5072.0,2
2237,2329.0,2
2238,548.0,2
2239,1414.0,2
2240,363.0,2
2241,1583.0,2
2242,644.0,2
2243,665.0,2
2244,1761.0,2
2245,10298.0,2
2246,5489.0,2
2247,1871.0,2
2248,2951.0,2
2249,2697.0,2
2250,2028.0,2
2251,1000.0,2
2252,917.0,2
2253,126.0,2
2254,1660.0,2
2255,5437.0,2
2256,202.0,2
2257,673.0,2
2258,2010.0,2
2259,1594.0,2
2260,2665.0,2
2261,2020.0,2
2262,672.0,2
2263,3200.0,2
2264,2164.0,2
2265,1753.0,2
2266,132.0,2
2267,1698.0,2
2268,621.0,2
2269,4026.0,2
2270,2854.0,2
2271,1140.0,2
2272,1081.0,2
2273,471.0,2
2274,1726.0,2
2275,3212.0,2
2276,361.0,2
2277,216.0,2
2278,1907.0,2
2279,381.0,2
2280,2796.0,2
2281,1136.0,2
2282,59.0,2
2283,345.0,2
2284,871.0,2
2285,1887.0,2
2286,436.0,2
2287,105.0,2
2288,4299.0,2
2289,712.0,2
2290,481.0,2
2291,1555.0,2
2292,916.0,2
2293,1155.0,2
2294,820.0,2
2295,1185.0,2
2296,750.0,2
2297,1101.0,2
2298,479.0,2
2299,5722.0,2
2300,544.0,2
2301,581.0,2
2302,2120.0,2
2303,453.0,2
2304,2371.0,2
2305,157.0,2
2306,271.0,2
2307,1685.0,2
2308,425.0,2
2309,876.0,2
2310,7110.0,2
2311,330.0,2
2312,424.0,2
2313,658.0,2
2314,1429.0,2
2315,689.0,2
2316,303.0,2
2317,550.0,2
2318,3954.0,2
2319,2463.0,2
2320,521.0,2
2321,696.0,2
2322,158.0,2
2323,266.0,2
2324,189.0,2
2325,2170.0,2
2326,298.0,2
2327,703.0,2
2328,1215.0,2
2329,751.0,2
2330,3622.0,2
2331,1956.0,2
2332,932.0,2
2333,581.0,2
2334,791.0,2
2335,2792.0,2
2336,3030.0,2
2337,851.0,2
2338,371.0,2
2339,1512.0,2
2340,636.0,2
2341,887.0,2
2342,737.0,2
2343,1288.0,2
2344,457.0,2
2345,484.0,2
2346,810.0,2
2347,591.0,2
2348,3125.0,2
2349,1019.0,2
2350,1564.0,2
2351,89.0,2
2352,189.0,2
2353,280.0,2
2354,1020.0,2
2355,226.0,2
2356,1548.0,2
2357,1373.0,2
2358,2161.0,2
2359,1190.0,2
2360,623.0,2
2361,79.0,2
2362,1302.0,2
2363,558.0,2
2364,448.0,2
2365,1426.0,2
2366,878.0,2
2367,457.0,2
2368,426.0,2
2369,3905.0,2
2370,896.0,2
2371,718.0,2
2372,58.0,2
2373,2203.0,2
2374,1188.0,2
2375,323.0,2
2376,901.0,2
2377,604.0,2
2378,2337.0,2
2379,401.0,2
2380,654.0,2
2381,533.0,2
2382,1996.0,2
2383,1811.0,2
2384,283.0,2
2385,6487.0,2
2386,8337.0,2
2387,2280.0,2
2388,358.0,2
2389,567.0,2
2390,930.0,2
2391,378.0,2
2392,411.0,2
2393,840.0,2
2394,708.0,2
2395,1576.0,2
2396,260.0,2
2397,658.0,2
2398,565.0,2
2399,548.0,2
2400,635.0,2
2401,1551.0,2
2402,738.0,2
2403,309.0,2
2404,1978.0,2
2405,1811.0,2
2406,4828.0,2
2407,600.0,2
2408,713.0,2
2409,316.0,2
2410,596.0,2
2411,496.0,2
2412,491.0,2
2413,3123.0,2
2414,1723.0,2
2415,554.0,2
2416,1584.0,2
2417,868.0,2
2418,498.0,2
2419,250.0,2
2420,1223.0,2
2421,1470.0,2
2422,1166.0,2
2423,181.0,2
2424,675.0,2
2425,226.0,2
2426,2902.0,2
2427,1169.0,2
2428,4191.0,2
2429,1996.0,2
2430,936.0,2
2431,2273.0,2
2432,1391.0,2
2433,1420.0,2
2434,183.0,2
2435,1157.0,2
2436,1194.0,2
2437,1130.0,2
2438,4260.0,2
2439,1220.0,2
2440,2402.0,2
2441,1525.0,2
2442,2129.0,2
2443,2581.0,2
2444,589.0,2
2445,152.0,2
2446,1939.0,2
2447,6102.0,2
2448,371.0,2
2449,1949.0,2
2450,1622.0,2
2451,759.0,2
2452,988.0,2
2453,4654.0,2
2454,2341.0,2
2455,591.0,2
2456,10403.0,2
2457,1686.0,2
2458,2194.0,2
2459,2587.0,2
2460,439.0,2
2461,1123.0,2
2462,2580.0,2
2463,329.0,2
2464,6277.0,2
2465,605.0,2
2466,1459.0,2
2467,225.0,2
2468,370.0,2
2469,1209.0,2
2470,1273.0,2
2471,2231.0,2
2472,664.0,2
2473,881.0,2
2474,863.0,2
2475,204.0,2
2476,222.0,2
2477,2209.0,2
2478,4298.0,2
2479,531.0,2
2480,1284.0,2
2481,214.0,2
2482,814.0,2
2483,240.0,2
2484,493.0,2
2485,1205.0,2
2486,5151.0,2
2487,1045.0,2
2488,830.0,2
2489,9776.0,2
2490,1904.0,2
2491,315.0,2
2492,949.0,2
2493,822.0,2
2494,4943.0,2
2495,941.0,2
2496,226.0,2
2497,1488.0,2
2498,2030.0,2
2499,165.0,2
2500,1121.0,2
2501,6542.0,2
2502,515.0,2
2503,1471.0,2
2504,777.0,2
2505,293.0,2
2506,3264.0,2
2507,15524.0,2
2508,806.0,2
2509,885.0,2
2510,509.0,2
2511,2419.0,2
2512,1042.0,2
2513,2178.0,2
2514,1705.0,2
2515,373.0,2
2516,2798.0,2
2517,1474.0,2
2518,256.0,2
2519,4829.0,2
2520,1039.0,2
2521,373.0,2
2522,732.0,2
2523,141.0,2
2524,1429.0,2
2525,819.0,2
2526,2017.0,2
2527,872.0,2
2528,1848.0,2
2529,708.0,2
2530,69.0,2
2531,3109.0,2
2532,199.0,2
2533,225.0,2
2534,579.0,2
2535,468.0,2
2536,3192.0,2
2537,508.0,2
2538,954.0,2
2539,2458.0,2
2540,1350.0,2
2541,890.0,2
2542,392.0,2
2543,5211.0,2
2544,5350.0,2
2545,1513.0,2
2546,3792.0,2
2547,6942.0,2
2548,761.0,2
2549,863.0,2
2550,675.0,2
2551,215.0,2
2552,2188.0,2
2553,3105.0,2
2554,1467.0,2
2555,6323.0,2
2556,3067.0,2
2557,976.0,2
2558,572.0,2
2559,1466.0,2
2560,358.0,2
2561,1814.0,2
2562,2028.0,2
2563,672.0,2
2564,3873.0,2
2565,386.0,2
2566,678.0,2
2567,678.0,2
2568,382.0,2
2569,973.0,2
2570,3441.0,2
2571,1258.0,2
2572,523.0,2
2573,1188.0,2
2574,1103.0,2
2575,1626.0,2
2576,1984.0,2
2577,815.0,2
2578,655.0,2
2579,2133.0,2
2580,563.0,2
2581,193.0,2
2582,3141.0,2
2583,1020.0,2
2584,242.0,2
2585,1805.0,2
2586,876.0,2
2587,918.0,2
2588,1309.0,2
2589,1408.0,2
2590,343.0,2
2591,865.0,2
2592,5315.0,2
2593,207.0,2
2594,233.0,2
2595,730.0,2
2596,4967.0,2
2597,1936.0,2
2598,998.0,2
2599,130.0,2
2600,2158.0,2
2601,915.0,2
2602,509.0,2
2603,4327.0,2
2604,948.0,2
2605,1020.0,2
2606,1238.0,2
2607,1272.0,2
2608,1129.0,2
2609,1306.0,2
2610,1028.0,2
2611,2159.0,2
2612,785.0,2
2613,6414.0,2
2614,3291.0,2
2615,1035.0,2
2616,2504.0,2
2617,884.0,2
2618,1009.0,2
2619,2095.0,2
2620,729.0,2
2621,126.0,2
2622,1615.0,2
2623,2513.0,2
2624,456.0,2
2625,739.0,2
2626,1414.0,2
2627,47.0,2
2628,393.0,2
2629,2004.0,2
2630,1048.0,2
2631,328.0,2
2632,597.0,2
2633,1069.0,2
2634,975.0,2
2635,1260.0,2
2636,1492.0,2
2637,626.0,2
2638,488.0,2
2639,612.0,2
2640,355.0,2
2641,1376.0,2
2642,1430.0,2
2643,4312.0,2
2644,1424.0,2
2645,197.0,2
2646,3780.0,2
2647,2529.0,2
2648,7180.0,2
2649,90.0,2
2650,7630.0,2
2651,737.0,2
2652,220.0,2
2653,883.0,2
2654,776.0,2
2655,2167.0,2
2656,488.0,2
2657,386.0,2
2658,531.0,2
2659,3571.0,2
2660,1757.0,2
2661,805.0,2
2662,1272.0,2
2663,860.0,2
2664,441.0,2
2665,996.0,2
2666,3460.0,2
2667,734.0,2
2668,366.0,2
2669,514.0,2
2670,2499.0,2
2671,926.0,2
2672,559.0,2
2673,530.0,2
2674,940.0,2
2675,703.0,2
2676,523.0,2
2677,2505.0,2
2678,6686.0,2
2679,1247.0,2
2680,5321.0,2
2681,3277.0,2
2682,180.0,2
2683,631.0,2
2684,783.0,2
2685,1357.0,2
2686,2096.0,2
2687,7524.0,2
2688,375.0,2
2689,4608.0,2
2690,524.0,2
2691,429.0,2
2692,2360.0,2
2693,287.0,2
2694,836.0,2
2695,1450.0,2
2696,1306.0,2
2697,679.0,2
2698,1611.0,2
2699,1743.0,2
2700,2443.0,2
2701,910.0,2
2702,408.0,2
2703,561.0,2
2704,1969.0,2
2705,1864.0,2
2706,2322.0,2
2707,935.0,2
2708,285.0,2
2709,397.0,2
2710,905.0,2
2711,132.0,2
2712,2386.0,2
2713,1615.0,2
2714,425.0,2
2715,1565.0,2
2716,339.0,2
2717,200.0,2
2718,255.0,2
2719,363.0,2
2720,819.0,2
2721,1035.0,2
2722,497.0,2
2723,4538.0,2
2724,74.0,2
2725,409.0,2
2726,146.0,2
2727,1440.0,2
2728,733.0,2
2729,411.0,2
2730,654.0,2
2731,2094.0,2
2732,329.0,2
2733,8189.0,2
2734,305.0,2
2735,1446.0,2
2736,1902.0,2
2737,2721.0,2
2738,563.0,2
2739,566.0,2
2740,310.0,2
2741,833.0,2
2742,618.0,2
2743,1077.0,2
2744,228.0,2
2745,3581.0,2
2746,1228.0,2
2747,2242.0,2
2748,857.0,2
2749,590.0,2
2750,1002.0,2
2751,894.0,2
2752,585.0,2
2753,1651.0,2
2754,454.0,2
2755,1098.0,2
2756,4074.0,2
2757,1220.0,2
2758,679.0,2
2759,719.0,2
2760,290.0,2
2761,1532.0,2
2762,613.0,2
2763,2102.0,2
2764,294.0,2
2765,276.0,2
2766,1606.0,2
2767,717.0,2
2768,1282.0,2
2769,704.0,2
2770,1600.0,2
2771,1790.0,2
2772,1606.0,2
2773,1456.0,2
2774,319.0,2
2775,353.0,2
2776,908.0,2
2777,2441.0,2
2778,2093.0,2
2779,2947.0,2
2780,499.0,2
2781,1706.0,2
2782,378.0,2
2783,1234.0,2
2784,968.0,2
2785,1291.0,2
2786,7476.0,2
2787,4291.0,2
2788,903.0,2
2789,1903.0,2
2790,920.0,2
2791,3014.0,2
2792,699.0,2
2793,6982.0,2
2794,178.0,2
2795,294.0,2
2796,754.0,2
2797,4449.0,2
2798,668.0,2
2799,1703.0,2
2800,179.0,2
2801,596.0,2
2802,723.0,2
2803,3607.0,2
2804,318.0,2
2805,1134.0,2
2806,1950.0,2
2807,1074.0,2
2808,182.0,2
2809,275.0,2
2810,1378.0,2
2811,1038.0,2
2812,271.0,2
2813,454.0,2
2814,52.0,2
2815,184.0,2
2816,578.0,2
2817,981.0,2
2818,8335.0,2
2819,2240.0,2
2820,675.0,2
2821,246.0,2
2822,1812.0,2
2823,2103.0,2
2824,510.0,2
2825,457.0,2
2826,377.0,2
2827,3396.0,2
2828,389.0,2
2829,1011.0,2
2830,1044.0,2
2831,103.0,2
2832,3954.0,2
2833,1557.0,2
2834,440.0,2
2835,396.0,2
2836,898.0,2
2837,2451.0,2
2838,2579.0,2
2839,221.0,2
2840,328.0,2
2841,260.0,2
2842,2342.0,2
2843,327.0,2
2844,296.0,2
2845,1765.0,2
2846,1071.0,2
2847,159.0,2
2848,2398.0,2
2849,584.0,2
2850,472.0,2
2851,2108.0,2
2852,1035.0,2
2853,3709.0,2
2854,237.0,2
2855,688.0,2
2856,1000.0,2
2857,10372.0,2
2858,2172.0,2
2859,483.0,2
2860,15509.0,2
2861,3163.0,2
2862,1401.0,2
2863,203.0,2
2864,2257.0,2
2865,376.0,2
2866,1595.0,2
2867,247.0,2
2868,1342.0,2
2869,1097.0,2
2870,534.0,2
2871,977.0,2
2872,1781.0,2
2873,7036.0,2
2874,2828.0,2
2875,701.0,2
2876,791.0,2
2877,1654.0,2
2878,1535.0,2
2879,1535.0,2
2880,477.0,2
2881,836.0,2
2882,1801.0,2
2883,409.0,2
2884,930.0,2
2885,1414.0,2
2886,987.0,2
2887,1266.0,2
2888,467.0,2
2889,225.0,2
2890,7554.0,2
2891,3729.0,2
2892,223.0,2
2893,1224.0,2
2894,1615.0,2
2895,1255.0,2
2896,2166.0,2
2897,679.0,2
2898,1586.0,2
2899,654.0,2
2900,830.0,2
2901,1104.0,2
2902,531.0,2
2903,324.0,2
2904,962.0,2
2905,319.0,2
2906,8421.0,2
2907,1762.0,2
2908,1367.0,2
2909,1402.0,2
2910,433.0,2
2911,1217.0,2
2912,339.0,2
2913,3716.0,2
2914,492.0,2
2915,592.0,2
2916,3571.0,2
2917,889.0,2
2918,296.0,2
2919,2129.0,2
2920,1508.0,2
2921,1176.0,2
2922,1020.0,2
2923,1161.0,2
2924,608.0,2
2925,500.0,2
2926,1918.0,2
2927,2041.0,2
2928,330.0,2
2929,2832.0,2
2930,523.0,2
2931,5605.0,2
2932,1568.0,2
2933,526.0,2
2934,6535.0,2
2935,582.0,2
2936,3422.0,2
2937,648.0,2
2938,749.0,2
2939,2909.0,2
2940,930.0,2
2941,1329.0,2
2942,99.0,2
2943,4270.0,2
2944,1061.0,2
2945,1917.0,2
2946,1119.0,2
2947,1565.0,2
2948,7378.0,2
2949,934.0,2
2950,253.0,2
2951,597.0,2
2952,2115.0,2
2953,1125.0,2
2954,7189.0,2
2955,338.0,2
2956,130.0,2
2957,2533.0,2
2958,1495.0,2
2959,2154.0,2
2960,208.0,2
2961,1994.0,2
2962,679.0,2
2963,1233.0,2
2964,406.0,2
2965,2118.0,2
2966,353.0,2
2967,1425.0,2
2968,562.0,2
2969,220.0,2
2970,204.0,2
2971,309.0,2
2972,75.0,2
2973,1484.0,2
2974,1314.0,2
2975,542.0,2
2976,1268.0,2
2977,234.0,2
2978,713.0,2
2979,999.0,2
2980,2361.0,2
2981,2370.0,2
2982,1959.0,2
2983,1224.0,2
2984,666.0,2
2985,1788.0,2
2986,9828.0,2
2987,690.0,2
2988,325.0,2
2989,1521.0,2
2990,918.0,2
2991,1795.0,2
2992,631.0,2
2993,1082.0,2
2994,395.0,2
2995,249.0,2
2996,3454.0,2
2997,476.0,2
2998,896.0,2
2999,686.0,2
3000,2310.0,2
3001,2291.0,2
3002,325.0,2
3003,3844.0,2
3004,1368.0,2
3005,1275.0,2
3006,345.0,2
3007,1453.0,2
3008,928.0,2
3009,1384.0,2
3010,376.0,2
3011,1730.0,2
3012,1035.0,2
3013,935.0,2
3014,1794.0,2
3015,2875.0,2
3016,3833.0,2
3017,1622.0,2
3018,1789.0,2
3019,727.0,2
3020,1260.0,2
3021,1294.0,2
3022,968.0,2
3023,311.0,2
3024,4230.0,2
3025,132.0,2
3026,9022.0,2
3027,811.0,2
3028,2858.0,2
3029,426.0,2
3030,1070.0,2
3031,5094.0,2
3032,932.0,2
3033,1912.0,2
3034,1061.0,2
3035,1078.0,2
3036,367.0,2
3037,1003.0,2
3038,1889.0,2
3039,1341.0,2
3040,1782.0,2
3041,728.0,2
3042,519.0,2
3043,498.0,2
3044,364.0,2
3045,1101.0,2
3046,1274.0,2
3047,768.0,2
3048,1170.0,2
3049,1321.0,2
3050,1209.0,2
3051,438.0,2
3052,363.0,2
3053,545.0,2
3054,87.0,2
3055,1061.0,2
3056,2143.0,2
3057,1767.0,2
3058,405.0,2
3059,424.0,2
3060,2301.0,2
3061,4783.0,2
3062,556.0,2
3063,3324.0,2
3064,1923.0,2
3065,164.0,2
3066,4506.0,2
3067,1098.0,2
3068,359.0,2
3069,1784.0,2
3070,699.0,2
3071,1706.0,2
3072,905.0,2
3073,5703.0,2
3074,6784.0,2
3075,1548.0,2
3076,1900.0,2
3077,794.0,2
3078,243.0,2
3079,426.0,2
3080,1590.0,2
3081,326.0,2
3082,950.0,2
3083,3410.0,2
3084,2892.0,2
3085,5872.0,2
3086,288.0,2
3087,533.0,2
3088,824.0,2
3089,3204.0,2
3090,2348.0,2
3091,2698.0,2
3092,707.0,2
3093,2156.0,2
3094,171.0,2
3095,1474.0,2
3096,1199.0,2
3097,547.0,2
3098,2581.0,2
3099,479.0,2
3100,622.0,2
3101,1214.0,2
3102,771.0,2
3103,3257.0,2
3104,404.0,2
3105,5120.0,2
3106,1454.0,2
3107,1085.0,2
3108,799.0,2
3109,726.0,2
3110,780.0,2
3111,1853.0,2
3112,217.0,2
3113,684.0,2
3114,516.0,2
3115,543.0,2
3116,603.0,2
3117,1478.0,2
3118,423.0,2
3119,76.0,2
3120,6818.0,2
3121,612.0,2
3122,4621.0,2
3123,797.0,2
3124,541.0,2
3125,1396.0,2
3126,334.0,2
3127,121.0,2
3128,2213.0,2
3129,170.0,2
3130,400.0,2
3131,2051.0,2
3132,617.0,2
3133,1176.0,2
3134,739.0,2
3135,329.0,2
3136,816.0,2
3137,1030.0,2
3138,850.0,2
3139,466.0,2
3140,5131.0,2
3141,327.0,2
3142,633.0,2
3143,582.0,2
3144,581.0,2
3145,856.0,2
3146,1197.0,2
3147,3893.0,2
3148,3589.0,2
3149,1384.0,2
3150,2049.0,2
3151,1525.0,2
3152,285.0,2
3153,682.0,2
3154,1139.0,2
3155,3001.0,2
3156,360.0,2
3157,184.0,2
3158,340.0,2
3159,101.0,2
3160,7053.0,2
3161,1133.0,2
3162,2135.0,2
3163,417.0,2
3164,825.0,2
3165,197.0,2
3166,1744.0,2
3167,368.0,2
3168,592.0,2
3169,1050.0,2
3170,1063.0,2
3171,1867.0,2
3172,750.0,2
3173,3082.0,2
3174,938.0,2
3175,5813.0,2
3176,423.0,2
3177,2578.0,2
3178,10901.0,2
3179,1373.0,2
3180,383.0,2
3181,1197.0,2
3182,426.0,2
3183,2549.0,2
3184,48.0,2
3185,117.0,2
3186,6613.0,2
3187,1888.0,2
3188,222.0,2
3189,353.0,2
3190,1486.0,2
3191,1378.0,2
3192,6471.0,2
3193,652.0,2
3194,3015.0,2
3195,1165.0,2
3196,168.0,2
3197,4418.0,2
3198,506.0,2
3199,1112.0,2
3200,516.0,2
3201,574.0,2
3202,1483.0,2
3203,4567.0,2
3204,3441.0,2
3205,1586.0,2
3206,1182.0,2
3207,583.0,2
3208,83.0,2
3209,168.0,2
3210,130.0,2
3211,1289.0,2
3212,4439.0,2
3213,1568.0,2
3214,1711.0,2
3215,217.0,2
3216,550.0,2
3217,1310.0,2
3218,1360.0,2
3219,290.0,2
3220,337.0,2
3221,860.0,2
3222,856.0,2
3223,364.0,2
3224,557.0,2
3225,19214.0,2
3226,414.0,2
3227,1076.0,2
3228,825.0,2
3229,2449.0,2
3230,668.0,2
3231,686.0,2
3232,750.0,2
3233,76.0,2
3234,1539.0,2
3235,1061.0,2
3236,855.0,2
3237,749.0,2
3238,1228.0,2
3239,965.0,2
3240,1029.0,2
3241,1036.0,2
3242,903.0,2
3243,1440.0,2
3244,483.0,2
3245,970.0,2
3246,365.0,2
3247,203.0,2
3248,1011.0,2
3249,5825.0,2
3250,388.0,2
3251,1575.0,2
3252,7575.0,2
3253,2376.0,2
3254,971.0,2
3255,225.0,2
3256,1373.0,2
3257,134.0,2
3258,3434.0,2
3259,1512.0,2
3260,595.0,2
3261,2852.0,2
3262,426.0,2
3263,2986.0,2
3264,272.0,2
3265,771.0,2
3266,2655.0,2
3267,5512.0,2
3268,1318.0,2
3269,459.0,2
3270,386.0,2
3271,1593.0,2
3272,774.0,2
3273,1204.0,2
3274,1081.0,2
3275,4387.0,2
3276,8908.0,2
3277,257.0,2
3278,1033.0,2
3279,134.0,2
3280,375.0,2
3281,2584.0,2
3282,10649.0,2
3283,710.0,2
3284,225.0,2
3285,7362.0,2
3286,2418.0,2
3287,1672.0,2
3288,813.0,2
3289,103.0,2
3290,996.0,2
3291,721.0,2
3292,798.0,2
3293,1185.0,2
3294,1934.0,2
3295,834.0,2
3296,482.0,2
3297,17416.0,2
3298,1687.0,2
3299,172.0,2
3300,848.0,2
3301,1500.0,2
3302,1315.0,2
3303,383.0,2
3304,413.0,2
3305,1377.0,2
3306,64.0,2
3307,1186.0,2
3308,300.0,2
3309,292.0,2
3310,5444.0,2
3311,1286.0,2
3312,3729.0,2
3313,1362.0,2
3314,724.0,2
3315,1100.0,2
3316,4049.0,2
3317,525.0,2
3318,355.0,2
3319,2309.0,2
3320,1218.0,2
3321,2497.0,2
3322,2499.0,2
3323,371.0,2
3324,127.0,2
3325,480.0,2
3326,2545.0,2
3327,2007.0,2
3328,243.0,2
3329,520.0,2
3330,877.0,2
3331,7057.0,2
3332,695.0,2
3333,136.0,2
3334,717.0,2
3335,934.0,2
3336,616.0,2
3337,1241.0,2
3338,209.0,2
3339,738.0,2
3340,2252.0,2
3341,2437.0,2
3342,2898.0,2
3343,640.0,2
3344,530.0,2
3345,599.0,2
3346,971.0,2
3347,622.0,2
3348,954.0,2
3349,1401.0,2
3350,796.0,2
3351,269.0,2
3352,5348.0,2
3353,1281.0,2
3354,4120.0,2
3355,1404.0,2
3356,573.0,2
3357,79.0,2
3358,1257.0,2
3359,845.0,2
3360,422.0,2
3361,1936.0,2
3362,2932.0,2
3363,372.0,2
3364,1177.0,2
3365,3080.0,2
3366,1296.0,2
3367,182.0,2
3368,1070.0,2
3369,1453.0,2
3370,10497.0,2
3371,188.0,2
3372,97.0,2
3373,1898.0,2
3374,2065.0,2
3375,1290.0,2
3376,183.0,2
3377,331.0,2
3378,2783.0,2
3379,7175.0,2
3380,890.0,2
3381,1137.0,2
3382,500.0,2
3383,297.0,2
3384,1145.0,2
3385,4748.0,2
3386,561.0,2
3387,1340.0,2
3388,1539.0,2
3389,1202.0,2
3390,2769.0,2
3391,300.0,2
3392,1611.0,2
3393,4885.0,2
3394,494.0,2
3395,580.0,2
3396,872.0,2
3397,1149.0,2
3398,243.0,2
3399,281.0,2
3400,583.0,2
3401,177.0,2
3402,1051.0,2
3403,1631.0,2
3404,579.0,2
3405,2078.0,2
3406,302.0,2
3407,803.0,2
3408,1240.0,2
3409,1206.0,2
3410,814.0,2
3411,395.0,2
3412,483.0,2
3413,493.0,2
3414,744.0,2
3415,4397.0,2
3416,245.0,2
3417,174.0,2
3418,611.0,2
3419,737.0,2
3420,425.0,2
3421,2171.0,2
3422,6968.0,2
3423,269.0,2
3424,1802.0,2
3425,863.0,2
3426,1832.0,2
3427,2080.0,2
3428,555.0,2
3429,1681.0,2
3430,1360.0,2
3431,2561.0,2
3432,1587.0,2
3433,2028.0,2
3434,713.0,2
3435,6488.0,2
3436,220.0,2
3437,707.0,2
3438,3538.0,2
3439,1426.0,2
3440,3443.0,2
3441,4134.0,2
3442,607.0,2
3443,367.0,2
3444,967.0,2
3445,6973.0,2
3446,1060.0,2
3447,2244.0,2
3448,2125.0,2
3449,727.0,2
3450,847.0,2
3451,17661.0,2
3452,1022.0,2
3453,928.0,2
3454,4824.0,2
3455,484.0,2
3456,139.0,2
3457,1824.0,2
3458,438.0,2
3459,557.0,2
3460,2002.0,2
3461,2293.0,2
3462,2075.0,2
3463,3645.0,2
3464,62.0,2
3465,1591.0,2
3466,597.0,2
3467,737.0,2
3468,999.0,2
3469,4087.0,2
3470,609.0,2
3471,464.0,2
3472,2302.0,2
3473,763.0,2
3474,4913.0,2
3475,2364.0,2
3476,1190.0,2
3477,899.0,2
3478,2510.0,2
3479,208.0,2
3480,1653.0,2
3481,3924.0,2
3482,425.0,2
3483,1160.0,2
3484,734.0,2
3485,327.0,2
3486,570.0,2
3487,519.0,2
3488,3601.0,2
3489,612.0,2
3490,1639.0,2
3491,137.0,2
3492,160.0,2
3493,471.0,2
3494,528.0,2
3495,347.0,2
3496,3129.0,2
3497,455.0,2
3498,1375.0,2
3499,1893.0,2
3500,6561.0,2
3501,1568.0,2
3502,758.0,2
3503,555.0,2
3504,1213.0,2
3505,1413.0,2
3506,2430.0,2
3507,2908.0,2
3508,1305.0,2
3509,231.0,2
3510,7888.0,2
3511,8765.0,2
3512,1430.0,2
3513,2110.0,2
3514,1032.0,2
3515,967.0,2
3516,2318.0,2
3517,437.0,2
3518,877.0,2
3519,296.0,2
3520,574.0,2
3521,232.0,2
3522,765.0,2
3523,798.0,2
3524,4276.0,2
3525,595.0,2
3526,5130.0,2
3527,8530.0,2
3528,2148.0,2
3529,197.0,2
3530,1409.0,2
3531,19740.0,2
3532,553.0,2
3533,365.0,2
3534,177.0,2
3535,6198.0,2
3536,477.0,2
3537,805.0,2
3538,440.0,2
3539,919.0,2
3540,1819.0,2
3541,4224.0,2
3542,302.0,2
3543,1054.0,2
3544,782.0,2
3545,1408.0,2
3546,549.0,2
3547,642.0,2
3548,1897.0,2
3549,3151.0,2
3550,488.0,2
3551,11333.0,2
3552,1650.0,2
3553,70.0,2
3554,1681.0,2
3555,3117.0,2
3556,1840.0,2
3557,103.0,2
3558,1011.0,2
3559,2925.0,2
3560,368.0,2
3561,157.0,2
3562,808.0,2
3563,2154.0,2
3564,1575.0,2
3565,862.0,2
3566,783.0,2
3567,592.0,2
3568,477.0,2
3569,793.0,2
3570,2717.0,2
3571,2031.0,2
3572,1647.0,2
3573,587.0,2
3574,708.0,2
3575,1243.0,2
